[
  {
    "id" : 1,
    "name": "Lynn Location",
    "street_address":"555 Western Ave.",
    "city":"Lynn",
    "state": "MA",
    "zip": "01902",
    "phone": "701-555-5555"
  },
  {
    "id" : 1,
    "name": "Wabash Location",
    "street_address":"3655 Western Ave.",
    "city":"Lynn",
    "state": "MA",
    "zip": "01402",
    "phone": "701-555-5555"
  },
  {
    "id" : 1,
    "name": "Nowhere Location",
    "street_address":"89905 Western Ave.",
    "city":"FLynn",
    "state": "CA",
    "zip": "01902",
    "phone": "701-555-5555"
  }
  ]