[
  {
    "id": 1,
    "name": "Hardware Repair",
    "description": "Text Text Text Text Text Text Text Text Text Text Text Text Text Text Text Text Text Text Text Text Text Text Text Text Text Text Text Text Text Text Text Text Text Text Text Text", 
    "image": "computer-icon.png"
    
  },
  {
    "id": 2,
    "name": "Virus Removal",
    "description": "Text Text Text Text Text Text Text Text Text Text Text Text Text Text Text Text Text Text Text Text Text Text Text Text Text Text Text Text Text Text Text Text Text Text Text Text", 
    "image": "computer-icon.png"
    
  },
  {
    "id": 3,
    "name": "System Tune-Up",
    "description": "Text Text Text Text Text Text Text Text Text Text Text Text Text Text Text Text Text Text Text Text Text Text Text Text Text Text Text Text Text Text Text Text Text Text Text Text", 
    "image": "computer-icon.png"
    
  }
  
  
  
  
]